Time Stamp,V R-S,V S-T,V R-T,V R-N,V S-N,V T-N,IA,IB,IC,IN,P Total,Q Total,S Total,Cos Phi,THD I,THD V,H1,H3,H5,H7,H9,H11,Frekuensi,Max Current,Max Current Unbalance,Max Voltage L-L,Max Voltage Unbalance,Max THD I,Active Energy,,
2023-08-03 09:22:05,393.16,396.54,394.05,227.70,228.35,229.00,48.76,46.32,29.91,88.58,-7.39,3.65,8.23,-1.10,12.09,1.57, NAN, NAN, NAN, NAN, NAN, NAN,49.96,80.10,200.00,418.85,48.12,16.29,47936
2023-08-03 09:32:05,395.21,398.58,395.83,228.29,229.00,229.68,47.15,44.29,28.32,84.20,-7.06,0.92,7.12,-1.01,12.09,1.53, NAN, NAN, NAN, NAN, NAN, NAN,50.05,80.10,200.00,418.85,48.12,16.29,47936
2023-08-03 09:42:05,395.74,398.26,396.07,228.25,229.19,229.88,51.29,51.22,26.28,93.17,-6.01,4.02,7.23,-1.17,13.20,1.44, NAN, NAN, NAN, NAN, NAN, NAN,50.07,80.10,200.00,418.85,48.12,16.29,47936
2023-08-03 09:52:05,395.68,398.52,395.79,228.25,229.32,229.70,48.64,46.68,29.14,86.85,-7.06,0.58,7.08,-1.00,14.15,1.43, NAN, NAN, NAN, NAN, NAN, NAN,50.08,80.10,200.00,418.85,48.12,16.29,47936
2023-08-03 10:02:05,395.92,398.58,396.27,228.35,229.56,229.80,51.58,48.76,32.72,93.16,-8.18,2.65,8.62,-1.05,13.65,1.34, NAN, NAN, NAN, NAN, NAN, NAN,49.99,80.10,200.00,418.85,48.12,16.29,47936
2023-08-03 10:12:05,395.56,398.42,396.04,228.21,229.33,229.65,46.20,41.35,26.97,77.95,-7.15,1.10,7.24,-1.01,13.78,1.35, NAN, NAN, NAN, NAN, NAN, NAN,49.98,80.10,200.00,418.85,48.12,16.29,47936
2023-08-03 10:22:05,395.10,397.48,395.21,227.77,229.11,229.16,48.79,44.36,24.65,82.78,-6.63,0.43,6.65,-1.00,14.20,1.32, NAN, NAN, NAN, NAN, NAN, NAN,49.99,80.10,200.00,418.85,48.12,16.29,47936
2023-08-03 10:32:05,393.59,397.36,394.53,227.47,228.48,228.70,52.10,40.91,33.75,86.52,-10.19,3.19,10.67,-1.05,9.91,1.20, NAN, NAN, NAN, NAN, NAN, NAN,49.96,80.10,200.00,418.85,48.12,16.29,47936
2023-08-03 10:42:05,395.38,398.13,395.52,228.20,229.38,229.05,48.31,38.56,28.75,78.49,-8.78,0.64,8.80,-1.00,14.20,1.34, NAN, NAN, NAN, NAN, NAN, NAN,50.05,80.10,200.00,418.85,48.12,16.29,47936
2023-08-03 10:52:05,394.54,397.00,395.02,227.74,228.71,228.91,51.13,46.36,27.59,89.84,-7.45,2.98,8.05,-1.07,14.12,1.31, NAN, NAN, NAN, NAN, NAN, NAN,50.04,80.10,200.00,418.85,48.12,16.29,47936
2023-08-03 11:02:05,395.46,397.98,395.98,228.41,229.07,229.58,49.02,50.01,29.25,91.80,-6.40,4.82,8.01,-1.20,14.24,1.27, NAN, NAN, NAN, NAN, NAN, NAN,50.06,80.10,200.00,418.85,48.12,16.29,47936
2023-08-03 11:12:05,394.30,396.59,395.67,228.20,228.03,229.10,48.05,49.28,28.56,90.37,-6.18,4.66,7.74,-1.20,14.28,1.24, NAN, NAN, NAN, NAN, NAN, NAN,50.02,80.10,200.00,418.85,48.12,16.29,47936
2023-08-03 11:22:05,394.52,397.16,394.88,228.05,228.44,228.94,42.74,48.67,34.05,90.62,-6.33,1.85,6.58,-1.04,9.40,1.13, NAN, NAN, NAN, NAN, NAN, NAN,49.99,80.10,200.00,418.85,48.12,16.29,47936
2023-08-03 11:32:05,394.38,397.47,395.12,227.99,228.48,229.16,40.71,45.83,30.84,83.77,-5.71,1.82,6.00,-1.05,9.80,1.18, NAN, NAN, NAN, NAN, NAN, NAN,49.99,80.10,200.00,418.85,48.12,16.29,47936
2023-08-03 11:42:05,395.54,398.61,396.00,228.61,229.29,229.47,42.01,39.77,33.26,80.70,-8.03,1.83,8.24,-1.02,9.91,1.20, NAN, NAN, NAN, NAN, NAN, NAN,50.01,80.10,200.00,418.85,48.12,16.29,47936
2023-08-03 11:52:05,396.05,399.74,396.82,228.95,229.95,230.07,39.77,36.00,30.10,73.32,-7.55,1.69,7.73,-1.02,10.45,1.16, NAN, NAN, NAN, NAN, NAN, NAN,50.05,80.10,200.00,418.85,48.12,16.29,47936
2023-08-03 12:02:05,397.85,400.99,398.26,229.83,230.62,231.11,40.38,45.41,29.59,82.50,-5.51,1.20,5.64,-1.02,14.00,1.17, NAN, NAN, NAN, NAN, NAN, NAN,49.96,80.10,200.00,418.85,48.12,16.29,47936
2023-08-03 12:12:05,397.52,400.45,397.84,229.86,230.07,230.73,42.73,48.66,34.16,90.76,-6.48,1.94,6.77,-1.04,10.72,1.12, NAN, NAN, NAN, NAN, NAN, NAN,50.06,80.10,200.00,418.85,48.12,16.29,47936
2023-08-03 12:22:05,397.26,400.23,397.03,229.46,230.14,230.35,40.31,42.94,29.73,80.02,-6.11,1.14,6.21,-1.02,13.78,1.15, NAN, NAN, NAN, NAN, NAN, NAN,49.95,80.10,200.00,418.85,48.12,16.29,47936
2023-08-03 12:32:05,396.38,399.59,396.02,228.85,229.95,229.63,42.30,41.76,32.37,81.68,-7.53,2.71,8.09,-1.06,13.62,1.19, NAN, NAN, NAN, NAN, NAN, NAN,49.97,80.10,200.00,418.85,48.12,16.29,47936
2023-08-03 12:42:05,397.03,399.65,397.00,229.59,229.59,230.27,40.28,48.17,29.53,85.35,-4.83,4.49,6.59,-1.27,13.24,1.27, NAN, NAN, NAN, NAN, NAN, NAN,50.07,80.10,200.00,418.85,48.12,16.29,47936
2023-08-03 12:52:05,394.98,397.53,395.27,228.21,228.50,229.40,48.60,55.32,31.81,97.88,-5.62,4.70,7.33,-1.24,14.05,1.24, NAN, NAN, NAN, NAN, NAN, NAN,50.07,80.10,200.00,418.85,48.12,16.29,47936
2023-08-03 13:02:05,390.52,392.96,390.82,225.73,225.94,226.76,48.09,58.68,34.67,103.26,-5.42,2.68,6.05,-1.10,13.78,1.22, NAN, NAN, NAN, NAN, NAN, NAN,49.95,80.10,200.00,418.85,48.12,16.29,47936
2023-08-03 13:12:05,393.23,396.19,393.73,227.36,227.69,228.32,43.28,48.34,31.87,87.95,-6.17,1.87,6.30,-1.04,9.65,1.21, NAN, NAN, NAN, NAN, NAN, NAN,50.02,80.10,200.00,418.85,48.12,16.29,47936
2023-08-03 13:22:05,392.90,395.53,393.26,226.84,227.57,228.07,45.56,51.70,33.36,93.99,-6.10,2.75,6.70,-1.08,13.45,1.28, NAN, NAN, NAN, NAN, NAN, NAN,49.99,80.10,200.00,418.85,48.12,16.29,47936
2023-08-03 13:32:05,394.97,398.75,396.38,228.29,229.29,229.79,43.19,38.90,26.18,76.07,-6.81,1.59,7.00,-1.03,10.06,1.21, NAN, NAN, NAN, NAN, NAN, NAN,49.96,80.10,200.00,418.85,48.12,16.29,47936
2023-08-03 13:42:05,396.15,399.32,396.95,229.11,229.46,230.11,43.57,45.80,31.75,86.00,-6.65,1.37,6.82,-1.02,10.49,1.19, NAN, NAN, NAN, NAN, NAN, NAN,50.03,80.10,200.00,418.85,48.12,16.29,47936
2023-08-03 13:52:06,396.86,399.80,397.35,229.48,229.86,230.33,40.39,44.46,31.15,82.28,-6.00,1.75,6.25,-1.04,10.61,1.21, NAN, NAN, NAN, NAN, NAN, NAN,50.04,80.10,200.00,418.85,48.12,16.29,47936
2023-08-03 14:02:06,394.11,397.00,394.07,227.66,228.41,228.48,43.70,49.60,34.89,92.24,-6.54,1.87,6.80,-1.04,9.91,1.25, NAN, NAN, NAN, NAN, NAN, NAN,50.06,80.10,200.00,418.85,48.12,16.29,47936
2023-08-03 14:12:06,393.66,396.61,393.84,227.51,228.05,228.32,43.26,49.13,34.60,91.46,-6.45,1.77,6.72,-1.04,9.42,1.29, NAN, NAN, NAN, NAN, NAN, NAN,49.99,80.10,200.00,418.85,48.12,16.29,47936
2023-08-03 14:22:06,394.08,397.75,394.92,227.68,228.77,229.02,48.54,44.83,31.02,87.43,-7.76,1.73,7.95,-1.02,9.93,1.33, NAN, NAN, NAN, NAN, NAN, NAN,50.06,80.10,200.00,418.85,48.12,16.29,47936
2023-08-03 14:32:06,393.86,397.37,393.97,227.61,228.61,228.33,47.23,42.14,35.06,87.38,-9.07,1.62,9.22,-1.02,9.49,1.34, NAN, NAN, NAN, NAN, NAN, NAN,49.99,80.10,200.00,418.85,48.12,16.29,47936
2023-08-03 14:42:06,394.67,398.25,395.06,228.02,229.15,229.00,46.14,40.38,29.35,80.35,-7.81,1.58,7.97,-1.02,9.79,1.32, NAN, NAN, NAN, NAN, NAN, NAN,50.01,80.10,200.00,418.85,48.12,16.29,47936
2023-08-03 14:52:06,394.31,397.22,394.41,227.82,228.53,228.65,48.31,50.92,35.45,96.80,-7.46,1.64,7.63,-1.02,9.25,1.29, NAN, NAN, NAN, NAN, NAN, NAN,50.06,80.10,200.00,418.85,48.12,16.29,47936
2023-08-03 15:02:06,396.00,398.78,396.00,228.91,229.25,229.60,45.52,49.64,32.42,92.26,-6.41,3.71,7.40,-1.13,9.93,1.30, NAN, NAN, NAN, NAN, NAN, NAN,50.02,80.10,200.00,418.85,48.12,16.29,47936
2023-08-03 15:12:06,395.96,398.63,395.92,228.85,229.29,229.50,47.81,50.64,35.31,96.46,-7.38,1.72,7.58,-1.03,10.00,1.33, NAN, NAN, NAN, NAN, NAN, NAN,50.04,80.10,200.00,418.85,48.12,16.29,47936
2023-08-03 15:22:06,395.80,399.31,396.14,228.69,229.68,229.70,48.48,46.31,31.96,89.79,-7.70,3.59,8.43,-1.09,10.03,1.34, NAN, NAN, NAN, NAN, NAN, NAN,49.96,80.10,200.00,418.85,48.12,16.29,47936
2023-08-03 15:32:06,395.42,398.74,395.72,228.49,229.29,229.55,48.23,51.53,36.01,97.89,-7.42,1.77,7.63,-1.03,9.96,1.33, NAN, NAN, NAN, NAN, NAN, NAN,50.01,80.10,200.00,418.85,48.12,16.29,47936
2023-08-03 15:42:06,396.81,400.43,396.93,229.32,230.22,230.21,42.82,44.06,32.54,84.48,-7.05,1.28,7.13,-1.01,10.36,1.39, NAN, NAN, NAN, NAN, NAN, NAN,49.96,80.10,200.00,418.85,48.12,16.29,47936
2023-08-03 15:52:06,398.80,402.77,399.50,230.64,231.42,231.64,42.59,41.80,32.50,81.85,-7.50,3.80,8.45,-1.11,11.10,1.51, NAN, NAN, NAN, NAN, NAN, NAN,50.06,80.10,200.00,418.85,48.12,16.29,47936
2023-08-03 16:02:06,395.37,398.46,395.61,228.41,229.07,229.54,47.86,53.57,35.12,98.31,-6.65,2.08,6.97,-1.05,10.85,1.38, NAN, NAN, NAN, NAN, NAN, NAN,50.09,80.10,200.00,418.85,48.12,16.29,47936
2023-08-03 16:12:06,394.40,397.46,394.16,227.85,228.49,228.67,44.29,48.52,34.53,90.06,-6.70,1.81,6.93,-1.03,11.68,1.46, NAN, NAN, NAN, NAN, NAN, NAN,49.97,80.10,200.00,418.85,48.12,16.29,47936
2023-08-03 16:22:06,394.82,397.60,394.95,228.04,228.62,229.17,46.64,52.84,33.21,96.24,-6.09,1.93,6.39,-1.05,11.30,1.46, NAN, NAN, NAN, NAN, NAN, NAN,50.05,80.10,200.00,418.85,48.12,16.29,47936
2023-08-03 16:32:06,396.02,399.39,396.56,228.86,229.61,230.05,48.15,48.06,33.57,91.41,-7.51,1.88,7.74,-1.04,11.43,1.53, NAN, NAN, NAN, NAN, NAN, NAN,49.99,80.10,200.00,418.85,48.12,16.29,47936
2023-08-03 16:42:06,397.60,400.77,397.62,229.81,230.41,230.65,41.54,45.23,32.03,84.13,-6.22,1.76,6.46,-1.04,11.52,1.61, NAN, NAN, NAN, NAN, NAN, NAN,50.04,80.10,200.00,418.85,48.12,16.29,47936
2023-08-03 16:52:06,397.76,400.80,397.34,229.54,230.74,230.49,47.69,46.01,33.98,89.75,-8.17,2.70,8.61,-1.05,14.14,1.74, NAN, NAN, NAN, NAN, NAN, NAN,50.03,80.10,200.00,418.85,48.12,16.29,47936
2023-08-03 17:02:06,400.85,403.58,400.11,231.43,232.32,232.15,40.77,42.30,29.40,79.29,-6.28,1.40,6.45,-1.03,13.82,1.88, NAN, NAN, NAN, NAN, NAN, NAN,50.07,80.10,200.00,418.85,48.12,16.29,47936
2023-08-03 17:12:06,399.77,402.66,399.47,231.06,231.68,231.72,41.00,46.15,30.82,84.06,-5.74,1.47,5.93,-1.03,14.24,1.93, NAN, NAN, NAN, NAN, NAN, NAN,50.06,80.10,200.00,418.85,48.12,16.29,47936
2023-08-03 17:22:06,398.93,401.90,398.43,230.27,231.30,231.27,47.52,50.59,34.66,94.96,-7.21,2.50,7.62,-1.06,14.39,1.97, NAN, NAN, NAN, NAN, NAN, NAN,49.95,80.10,200.00,418.85,48.12,16.29,47936
2023-08-03 17:32:06,397.44,400.64,397.07,229.39,230.89,230.46,45.05,44.39,31.21,83.87,-7.20,1.23,7.30,-1.01,14.66,2.04, NAN, NAN, NAN, NAN, NAN, NAN,49.96,80.10,200.00,418.85,48.12,16.29,47936
2023-08-03 17:42:06,396.34,399.35,395.98,228.92,229.83,229.79,42.30,46.31,29.94,86.01,-5.87,2.71,6.45,-1.09,14.49,2.15, NAN, NAN, NAN, NAN, NAN, NAN,50.03,80.10,200.00,418.85,48.12,16.29,47936
2023-08-03 17:52:06,395.47,398.35,395.06,228.71,229.04,229.29,44.47,48.22,33.92,90.66,-6.82,2.71,7.34,-1.07,14.90,2.10, NAN, NAN, NAN, NAN, NAN, NAN,49.95,80.10,200.00,418.85,48.12,16.29,47936
2023-08-03 18:02:06,397.39,400.45,396.88,229.65,230.30,230.39,45.10,44.49,30.65,84.47,-7.04,4.70,8.47,-1.17,15.23,2.08, NAN, NAN, NAN, NAN, NAN, NAN,50.08,80.10,200.00,418.85,48.12,16.29,47936
2023-08-03 18:12:06,396.73,399.89,396.55,229.32,229.93,230.22,45.58,47.45,31.00,89.52,-6.62,2.69,7.15,-1.07,15.12,2.11, NAN, NAN, NAN, NAN, NAN, NAN,49.96,80.10,200.00,418.85,48.12,16.29,47936
2023-08-03 18:22:06,398.34,401.11,397.84,230.20,230.63,230.90,45.58,47.05,30.81,88.78,-6.73,2.60,7.22,-1.07,14.85,2.11, NAN, NAN, NAN, NAN, NAN, NAN,50.06,80.10,200.00,418.85,48.12,16.29,47936
2023-08-03 18:32:06,398.50,401.45,397.72,229.91,231.34,230.82,50.17,43.33,27.59,85.02,-7.82,4.86,9.21,-1.15,15.79,2.04, NAN, NAN, NAN, NAN, NAN, NAN,50.01,80.10,200.00,418.85,48.12,16.29,47936
2023-08-03 18:42:07,399.69,402.40,398.81,230.60,231.86,231.41,50.31,43.98,27.75,86.67,-7.78,4.39,8.93,-1.13,15.26,1.99, NAN, NAN, NAN, NAN, NAN, NAN,50.00,80.10,200.00,418.85,48.12,16.29,47936
2023-08-03 18:52:07,399.67,402.63,398.32,230.38,232.23,231.16,50.43,45.05,35.15,90.60,-9.30,2.88,9.73,-1.04,15.85,2.04, NAN, NAN, NAN, NAN, NAN, NAN,49.95,80.10,200.00,418.85,48.12,16.29,47936
2023-08-03 19:02:07,400.62,403.60,399.89,230.94,232.64,232.05,47.09,44.56,27.63,84.19,-6.81,1.19,6.91,-1.01,15.27,2.04, NAN, NAN, NAN, NAN, NAN, NAN,49.99,80.10,200.00,418.85,48.12,16.36,47936
2023-08-03 19:12:07,401.46,404.32,400.61,231.79,232.70,232.54,46.25,47.03,32.09,88.37,-7.07,4.84,8.57,-1.17,15.78,2.04, NAN, NAN, NAN, NAN, NAN, NAN,49.97,80.10,200.00,418.85,48.12,16.36,47936
2023-08-03 19:22:07,401.29,404.05,400.19,231.66,232.72,232.24,49.10,48.93,35.60,94.30,-8.20,2.64,8.62,-1.05,15.75,2.03, NAN, NAN, NAN, NAN, NAN, NAN,50.05,80.10,200.00,418.85,48.12,16.36,47936
2023-08-03 19:32:07,397.02,399.29,395.20,228.81,230.23,229.38,50.03,48.75,34.36,94.65,-8.19,2.85,8.67,-1.06,15.86,1.98, NAN, NAN, NAN, NAN, NAN, NAN,50.00,80.10,200.00,418.85,48.12,16.36,47936
2023-08-03 19:42:07,396.95,399.68,396.31,229.32,230.06,229.93,46.89,46.44,31.12,87.62,-7.09,4.67,8.49,-1.17,15.19,1.97, NAN, NAN, NAN, NAN, NAN, NAN,50.06,80.10,200.00,418.85,48.12,16.36,47936
2023-08-03 19:52:07,397.67,400.45,396.69,229.63,230.61,230.18,45.17,41.63,29.34,79.89,-7.37,1.79,7.58,-1.03,15.73,2.03, NAN, NAN, NAN, NAN, NAN, NAN,50.03,80.10,200.00,418.85,48.12,16.36,47936
2023-08-03 20:02:07,397.42,399.91,396.72,229.38,230.35,230.23,49.88,51.43,34.73,97.10,-7.55,2.67,8.01,-1.06,15.31,1.96, NAN, NAN, NAN, NAN, NAN, NAN,50.03,80.10,200.00,418.85,48.12,16.36,47936
2023-08-03 20:12:07,397.84,400.61,397.26,229.60,230.67,230.58,49.56,51.05,34.26,95.89,-7.49,2.72,7.97,-1.06,15.36,1.96, NAN, NAN, NAN, NAN, NAN, NAN,50.03,80.10,200.00,418.85,48.12,16.36,47936
2023-08-03 20:22:07,399.69,402.52,399.23,230.86,231.74,231.63,45.49,44.49,30.40,83.84,-6.96,2.06,7.26,-1.04,15.35,1.98, NAN, NAN, NAN, NAN, NAN, NAN,50.05,80.10,200.00,418.85,48.12,16.36,47936
2023-08-03 20:32:07,399.89,402.62,399.63,231.12,231.50,231.75,45.56,46.38,31.84,87.31,-7.00,4.81,8.49,-1.18,15.31,2.03, NAN, NAN, NAN, NAN, NAN, NAN,50.04,80.10,200.00,418.85,48.12,16.36,47936
2023-08-03 20:42:07,400.28,403.10,400.06,231.41,231.69,232.12,48.32,50.87,35.04,95.95,-7.42,2.48,7.82,-1.05,15.33,2.07, NAN, NAN, NAN, NAN, NAN, NAN,50.03,80.10,200.00,418.85,48.12,16.36,47936
2023-08-03 20:52:07,400.61,403.39,400.71,231.76,231.90,232.41,47.40,49.31,33.94,93.52,-7.32,2.44,7.69,-1.05,14.85,2.04, NAN, NAN, NAN, NAN, NAN, NAN,50.04,80.10,200.00,418.85,48.12,16.36,47936
2023-08-03 21:02:07,397.49,400.26,397.29,229.75,230.27,230.54,43.32,44.61,29.86,83.10,-6.54,2.03,6.85,-1.05,15.40,2.14, NAN, NAN, NAN, NAN, NAN, NAN,50.06,80.10,200.00,418.85,48.12,16.36,47936
2023-08-03 21:12:07,396.49,398.85,395.59,228.72,229.91,229.51,46.23,43.26,26.87,82.22,-6.69,1.22,6.80,-1.02,14.78,2.21, NAN, NAN, NAN, NAN, NAN, NAN,50.05,80.10,200.00,418.85,48.12,16.36,47936
2023-08-03 21:22:07,396.14,398.52,395.29,228.55,229.42,229.35,47.74,47.35,32.12,89.46,-7.24,4.74,8.65,-1.16,15.28,2.17, NAN, NAN, NAN, NAN, NAN, NAN,49.95,80.10,200.00,418.85,48.12,16.36,47936
2023-08-03 21:32:07,395.72,397.96,395.31,228.57,229.09,229.29,46.10,46.29,30.75,87.14,-6.95,4.28,8.16,-1.15,14.62,2.21, NAN, NAN, NAN, NAN, NAN, NAN,50.05,80.10,200.00,418.85,48.12,16.36,47936
2023-08-03 21:42:07,396.48,398.52,395.68,229.07,229.35,229.42,45.64,47.45,32.29,89.83,-6.91,2.49,7.33,-1.06,14.07,2.18, NAN, NAN, NAN, NAN, NAN, NAN,50.06,80.10,200.00,418.85,48.12,16.36,47936
2023-08-03 21:52:07,397.43,399.50,396.66,229.46,230.17,229.95,47.56,48.01,32.84,92.22,-7.39,2.57,7.83,-1.06,14.34,2.24, NAN, NAN, NAN, NAN, NAN, NAN,49.99,80.10,200.00,418.85,48.12,16.36,47936
2023-08-03 22:02:07,399.64,402.12,398.81,230.64,231.77,231.12,44.64,40.62,29.79,79.93,-7.63,1.43,7.74,-1.02,14.50,2.35, NAN, NAN, NAN, NAN, NAN, NAN,50.08,80.10,200.00,418.85,48.12,16.36,47936
2023-08-03 22:12:07,400.07,402.66,399.46,231.07,231.92,231.49,45.62,41.24,30.42,81.37,-7.88,1.49,8.02,-1.02,14.65,2.34, NAN, NAN, NAN, NAN, NAN, NAN,50.02,80.10,200.00,418.85,48.12,16.36,47936
2023-08-03 22:22:07,398.87,401.47,398.37,230.33,231.26,230.90,44.37,41.80,30.97,81.59,-7.53,1.56,7.69,-1.02,14.65,2.31, NAN, NAN, NAN, NAN, NAN, NAN,49.96,80.10,200.00,418.85,48.12,16.36,47936
2023-08-03 22:32:07,398.92,401.63,399.13,230.76,230.93,231.32,47.56,50.17,34.79,94.82,-7.35,2.54,7.73,-1.05,15.32,2.27, NAN, NAN, NAN, NAN, NAN, NAN,50.02,80.10,200.00,418.85,48.12,16.36,47936
2023-08-03 22:42:07,400.85,403.43,400.50,231.57,232.26,232.15,45.93,43.59,31.29,84.75,-7.70,1.26,7.81,-1.01,14.77,2.29, NAN, NAN, NAN, NAN, NAN, NAN,50.05,80.10,200.00,418.85,48.12,16.36,47936
2023-08-03 22:52:07,401.36,404.03,401.23,231.93,232.61,232.54,48.21,45.78,33.70,90.29,-8.30,2.36,8.59,-1.04,14.40,2.33, NAN, NAN, NAN, NAN, NAN, NAN,50.05,80.10,200.00,418.85,48.12,16.36,47936
2023-08-03 23:02:07,396.83,398.92,396.17,229.19,229.76,229.61,43.51,41.03,29.74,79.90,-7.17,1.54,7.34,-1.02,14.26,2.25, NAN, NAN, NAN, NAN, NAN, NAN,50.05,80.10,200.00,418.85,48.12,16.36,47936
2023-08-03 23:12:07,396.40,398.70,396.47,229.23,229.37,229.73,44.12,45.12,30.33,84.84,-6.52,4.70,8.04,-1.19,14.63,2.26, NAN, NAN, NAN, NAN, NAN, NAN,50.01,80.10,200.00,418.85,48.12,16.36,47936
2023-08-03 23:22:07,397.20,399.73,396.93,229.27,230.29,230.02,46.42,42.25,30.73,82.56,-7.85,1.37,7.94,-1.02,14.62,2.31, NAN, NAN, NAN, NAN, NAN, NAN,50.05,80.10,200.00,418.85,48.12,16.36,47936
2023-08-03 23:32:07,397.60,400.04,397.39,229.73,230.33,230.24,45.56,39.61,26.32,78.57,-7.29,4.57,8.60,-1.15,14.34,2.36, NAN, NAN, NAN, NAN, NAN, NAN,49.98,80.10,200.00,418.85,48.12,16.36,47936
2023-08-03 23:42:07,398.19,400.82,398.01,230.07,230.95,230.59,47.85,43.53,32.05,86.99,-8.33,2.47,8.73,-1.04,14.14,2.31, NAN, NAN, NAN, NAN, NAN, NAN,50.05,80.10,200.00,418.85,48.12,16.36,47936
2023-08-03 23:52:07,399.21,401.51,399.07,230.71,231.13,231.19,43.80,40.99,26.81,79.64,-6.69,4.31,7.96,-1.16,14.28,2.39, NAN, NAN, NAN, NAN, NAN, NAN,49.99,80.10,200.00,418.85,48.12,16.36,47936
2023-08-04 00:02:08,400.62,402.78,400.30,231.39,231.98,231.84,47.91,43.62,29.07,86.46,-7.67,2.52,8.10,-1.05,14.13,2.45, NAN, NAN, NAN, NAN, NAN, NAN,50.07,80.10,200.00,418.85,48.12,16.36,47936
2023-08-04 00:12:08,401.10,403.18,400.22,231.27,232.65,231.77,45.94,37.19,26.71,75.74,-8.06,1.28,8.16,-1.01,14.41,2.49, NAN, NAN, NAN, NAN, NAN, NAN,50.01,80.10,200.00,418.85,48.12,16.36,47936
2023-08-04 00:22:08,400.06,402.55,399.72,230.98,231.94,231.54,45.97,37.64,26.89,76.47,-8.00,1.38,8.12,-1.01,14.61,2.54, NAN, NAN, NAN, NAN, NAN, NAN,50.04,80.10,200.00,418.85,48.12,16.36,47936
2023-08-04 00:32:08,400.83,403.08,400.05,231.36,232.46,231.69,45.57,39.11,28.17,78.12,-7.87,1.48,8.01,-1.02,15.20,2.54, NAN, NAN, NAN, NAN, NAN, NAN,49.93,80.10,200.00,418.85,48.12,16.36,47936
2023-08-04 00:42:08,400.63,402.91,400.20,231.25,232.24,231.74,49.64,42.73,30.54,86.61,-8.60,2.50,8.96,-1.04,15.07,2.52, NAN, NAN, NAN, NAN, NAN, NAN,49.98,80.10,200.00,418.85,48.12,16.36,47936
2023-08-04 00:52:08,401.12,403.15,400.29,231.35,232.56,231.87,48.80,42.16,30.14,85.26,-8.51,2.54,8.89,-1.04,14.78,2.58, NAN, NAN, NAN, NAN, NAN, NAN,49.97,80.10,200.00,418.85,48.12,16.36,47936
2023-08-04 01:02:08,402.12,404.27,401.55,232.13,233.03,232.54,47.27,40.91,28.60,81.79,-8.08,4.56,9.28,-1.13,15.47,2.61, NAN, NAN, NAN, NAN, NAN, NAN,50.04,80.10,200.00,418.85,48.12,16.36,47936
2023-08-04 01:12:08,402.12,404.27,401.92,232.38,232.95,232.89,45.55,43.31,28.13,82.50,-6.86,1.64,7.10,-1.03,15.26,2.59, NAN, NAN, NAN, NAN, NAN, NAN,50.03,80.10,200.00,418.85,48.12,16.36,47936
2023-08-04 01:22:08,402.73,405.22,402.38,232.27,233.75,233.05,46.66,38.89,28.00,78.14,-8.19,1.33,8.30,-1.01,15.12,2.63, NAN, NAN, NAN, NAN, NAN, NAN,50.06,80.10,200.00,418.85,48.12,16.36,47936
2023-08-04 01:32:08,402.81,405.26,402.66,232.73,233.38,233.14,46.90,41.16,31.48,82.47,-8.50,4.81,9.74,-1.13,15.30,2.63, NAN, NAN, NAN, NAN, NAN, NAN,49.98,80.10,200.00,418.85,48.12,16.36,47936
2023-08-04 01:42:08,403.23,405.43,402.66,232.66,233.68,233.24,45.86,37.37,26.77,75.60,-7.97,1.40,8.09,-1.02,14.61,2.66, NAN, NAN, NAN, NAN, NAN, NAN,49.96,80.10,200.00,418.85,48.12,16.36,47936
2023-08-04 01:52:08,397.82,399.63,397.64,229.95,229.98,230.30,48.13,49.79,34.92,94.55,-7.57,2.34,7.92,-1.04,15.13,2.51, NAN, NAN, NAN, NAN, NAN, NAN,50.07,80.10,200.00,418.85,48.12,16.36,47936
2023-08-04 02:02:08,398.02,399.79,397.60,229.94,230.11,230.33,47.52,49.02,34.43,93.25,-7.51,2.36,7.87,-1.05,14.92,2.48, NAN, NAN, NAN, NAN, NAN, NAN,50.02,80.10,200.00,418.85,48.12,16.36,47936
2023-08-04 02:12:08,399.00,401.03,398.68,230.49,230.90,230.96,47.40,47.22,32.63,90.00,-7.43,4.46,8.67,-1.14,15.20,2.62, NAN, NAN, NAN, NAN, NAN, NAN,50.07,80.10,200.00,418.85,48.12,16.36,47936
2023-08-04 02:22:08,398.98,401.21,399.00,230.54,230.83,231.14,47.27,46.00,32.18,87.90,-7.51,4.82,8.92,-1.16,15.36,2.64, NAN, NAN, NAN, NAN, NAN, NAN,50.01,80.10,200.00,418.85,48.12,16.36,47936
2023-08-04 02:32:08,399.69,401.77,399.58,231.01,231.20,231.48,45.28,45.69,31.95,86.66,-7.13,4.78,8.61,-1.17,15.38,2.66, NAN, NAN, NAN, NAN, NAN, NAN,50.06,80.10,200.00,418.85,48.12,16.36,47936
2023-08-04 02:42:08,399.44,401.47,399.46,230.93,230.96,231.28,43.60,43.63,30.36,83.17,-6.80,4.64,8.22,-1.17,14.71,2.69, NAN, NAN, NAN, NAN, NAN, NAN,49.93,80.10,200.00,418.85,48.12,16.36,47936
2023-08-04 02:52:08,400.03,402.10,399.44,230.90,231.75,231.34,45.15,41.14,30.18,80.74,-7.69,1.50,7.84,-1.02,14.67,2.63, NAN, NAN, NAN, NAN, NAN, NAN,50.06,80.10,200.00,418.85,48.12,16.36,47936
2023-08-04 03:02:08,399.90,401.88,399.35,230.89,231.54,231.35,44.85,40.83,29.88,80.42,-7.65,1.59,7.81,-1.02,14.69,2.64, NAN, NAN, NAN, NAN, NAN, NAN,49.91,80.10,200.00,418.85,48.12,16.36,47936
2023-08-04 03:12:08,399.28,401.33,398.76,230.56,231.32,231.02,45.56,44.90,32.88,87.38,-7.63,2.44,8.01,-1.05,14.61,2.63, NAN, NAN, NAN, NAN, NAN, NAN,49.98,80.10,200.00,418.85,48.12,16.36,47936
2023-08-04 03:22:08,399.78,401.99,399.49,230.82,231.53,231.46,42.74,42.28,29.88,81.10,-6.86,1.26,6.97,-1.02,14.64,2.62, NAN, NAN, NAN, NAN, NAN, NAN,50.07,80.10,200.00,418.85,48.12,16.36,47936
2023-08-04 03:32:08,399.08,401.22,398.78,230.36,231.18,231.04,48.15,46.39,33.39,90.52,-8.01,2.39,8.39,-1.04,14.85,2.54, NAN, NAN, NAN, NAN, NAN, NAN,49.92,80.10,200.00,418.85,48.12,16.36,47936
2023-08-04 03:42:08,399.87,402.14,399.10,230.72,231.87,231.14,45.27,37.12,29.93,76.43,-8.65,1.49,8.78,-1.01,14.92,2.67, NAN, NAN, NAN, NAN, NAN, NAN,50.06,80.10,200.00,418.85,48.12,16.36,47936
2023-08-04 03:52:08,399.40,401.65,398.63,230.62,231.45,230.79,44.14,37.38,30.17,76.47,-8.34,1.56,8.49,-1.02,15.18,2.65, NAN, NAN, NAN, NAN, NAN, NAN,49.95,80.10,200.00,418.85,48.12,16.36,47936
2023-08-04 04:02:08,399.33,401.50,398.82,230.55,231.43,230.91,43.45,36.79,26.17,74.38,-7.44,1.50,7.59,-1.02,14.63,2.69, NAN, NAN, NAN, NAN, NAN, NAN,49.97,80.10,200.00,418.85,48.12,16.36,47936
2023-08-04 04:12:08,398.41,400.43,397.76,229.87,230.91,230.38,45.46,39.44,26.25,78.08,-7.26,4.57,8.58,-1.15,14.31,2.62, NAN, NAN, NAN, NAN, NAN, NAN,50.00,80.10,200.00,418.85,48.12,16.36,47936
2023-08-04 04:22:08,397.41,399.68,397.11,229.42,230.40,230.02,45.61,39.85,26.54,78.62,-7.24,4.60,8.57,-1.16,14.65,2.65, NAN, NAN, NAN, NAN, NAN, NAN,50.05,80.10,200.00,418.85,48.12,16.36,47936
2023-08-04 04:32:08,395.96,398.35,395.96,228.51,229.59,229.38,45.58,40.91,26.66,80.23,-7.01,4.23,8.19,-1.14,14.30,2.57, NAN, NAN, NAN, NAN, NAN, NAN,49.93,80.10,200.00,418.85,48.12,16.36,47936
2023-08-04 04:42:08,395.38,397.15,394.62,228.06,229.02,228.48,45.43,40.67,28.42,81.15,-7.52,2.60,7.97,-1.05,14.12,2.63, NAN, NAN, NAN, NAN, NAN, NAN,49.94,80.10,200.00,418.85,48.12,16.36,47936
2023-08-04 04:52:08,394.99,396.93,394.64,227.97,228.76,228.61,47.54,43.99,28.95,86.46,-7.43,2.53,7.85,-1.05,14.24,2.61, NAN, NAN, NAN, NAN, NAN, NAN,49.99,80.10,200.00,418.85,48.12,16.36,47936
2023-08-04 05:02:08,393.13,395.04,392.97,226.81,227.68,227.77,49.07,49.41,27.03,90.52,-5.88,1.42,6.07,-1.03,15.01,2.53, NAN, NAN, NAN, NAN, NAN, NAN,49.93,80.10,200.00,418.85,48.12,16.36,47936
2023-08-04 05:12:09,391.91,393.48,391.22,225.96,226.99,226.70,49.09,47.27,26.71,87.56,-6.33,1.16,6.44,-1.02,15.11,2.51, NAN, NAN, NAN, NAN, NAN, NAN,50.02,80.10,200.00,418.85,48.12,16.36,47936
2023-08-04 05:22:09,395.75,397.56,395.24,228.22,229.12,229.01,48.82,47.95,27.74,89.86,-6.44,0.94,6.50,-1.01,14.68,2.44, NAN, NAN, NAN, NAN, NAN, NAN,50.05,80.10,200.00,418.85,48.12,16.36,47936
2023-08-04 05:32:09,395.04,396.79,394.73,227.84,228.75,228.79,50.34,50.94,27.76,93.92,-6.16,4.36,7.55,-1.18,15.19,2.34, NAN, NAN, NAN, NAN, NAN, NAN,50.03,80.10,200.00,418.85,48.12,16.36,47936
2023-08-04 05:42:09,395.55,397.16,394.60,228.06,229.09,228.62,47.97,45.70,25.22,84.77,-6.20,1.13,6.30,-1.02,14.83,2.39, NAN, NAN, NAN, NAN, NAN, NAN,50.08,80.10,200.00,418.85,48.12,16.36,47936
2023-08-04 05:52:09,394.32,396.14,393.90,227.46,228.49,228.20,49.52,46.97,26.92,88.96,-6.63,0.79,6.65,-1.01,14.07,2.26, NAN, NAN, NAN, NAN, NAN, NAN,49.98,80.10,200.00,418.85,48.12,16.36,47936
2023-08-04 06:02:09,393.76,395.40,393.30,226.98,227.95,227.98,51.11,54.97,30.75,101.20,-6.08,2.52,6.58,-1.08,14.17,2.16, NAN, NAN, NAN, NAN, NAN, NAN,50.09,80.10,200.00,418.85,48.12,16.36,47936
2023-08-04 06:12:09,392.77,394.78,392.48,226.85,227.27,227.44,51.03,54.35,33.45,102.53,-6.94,2.38,7.24,-1.05,14.21,2.08, NAN, NAN, NAN, NAN, NAN, NAN,49.94,80.10,200.00,418.85,48.12,16.36,47936
2023-08-04 06:22:09,393.76,395.48,393.49,227.27,227.82,228.08,53.54,55.17,34.85,104.00,-7.56,2.40,7.93,-1.05,14.33,2.05, NAN, NAN, NAN, NAN, NAN, NAN,50.06,80.10,200.00,418.85,48.12,16.36,47936
2023-08-04 06:32:09,393.68,395.41,393.07,227.07,227.93,227.77,52.45,51.11,34.00,98.59,-8.00,2.39,8.35,-1.04,14.05,2.04, NAN, NAN, NAN, NAN, NAN, NAN,50.07,80.10,200.00,418.85,48.12,16.36,47936
2023-08-04 06:42:09,393.74,395.82,393.57,227.27,228.00,227.98,50.42,47.75,31.52,91.84,-7.69,0.87,7.70,-1.01,14.20,2.02, NAN, NAN, NAN, NAN, NAN, NAN,50.09,80.10,200.00,418.85,48.12,16.36,47936
2023-08-04 06:52:09,394.18,396.31,394.11,227.52,228.33,228.33,47.91,45.17,29.39,86.21,-7.18,1.24,7.29,-1.01,14.11,1.96, NAN, NAN, NAN, NAN, NAN, NAN,50.02,80.10,200.00,418.85,48.12,16.36,47936
2023-08-04 07:02:09,391.27,393.62,391.04,225.76,226.87,226.58,48.88,45.33,31.61,88.08,-7.88,4.22,8.94,-1.12,14.45,1.87, NAN, NAN, NAN, NAN, NAN, NAN,50.05,80.10,200.00,418.85,48.12,16.36,47936
2023-08-04 07:12:09,391.26,393.68,391.01,225.62,227.01,226.55,47.94,44.27,31.10,86.61,-7.83,4.17,8.87,-1.12,13.87,1.82, NAN, NAN, NAN, NAN, NAN, NAN,50.05,80.10,200.00,418.85,48.12,16.36,47936
2023-08-04 07:22:09,395.12,397.45,394.80,228.12,229.01,228.65,48.89,45.78,32.70,91.15,-8.14,2.15,8.42,-1.03,12.97,1.82, NAN, NAN, NAN, NAN, NAN, NAN,49.95,80.10,200.00,418.85,48.12,16.36,47936
2023-08-04 07:32:09,395.23,397.59,394.97,228.35,228.96,228.71,49.15,48.99,36.84,95.91,-8.42,2.34,8.73,-1.04,13.19,1.88, NAN, NAN, NAN, NAN, NAN, NAN,50.10,80.10,200.00,418.85,48.12,16.36,47936
2023-08-04 07:42:09,393.94,396.09,393.67,227.49,228.12,228.07,48.96,49.31,32.77,94.95,-7.36,2.34,7.73,-1.05,12.94,1.87, NAN, NAN, NAN, NAN, NAN, NAN,50.03,80.10,200.00,418.85,48.12,16.36,47936
2023-08-04 07:52:09,393.23,395.51,393.21,227.20,227.91,227.85,48.14,49.19,32.34,93.77,-7.15,2.36,7.53,-1.05,13.36,1.88, NAN, NAN, NAN, NAN, NAN, NAN,50.14,80.10,200.00,418.85,48.12,16.36,47936
2023-08-04 08:02:09,389.97,392.29,389.77,225.19,225.94,225.80,44.07,43.04,27.53,81.10,-6.31,1.20,6.50,-1.02,13.45,1.88, NAN, NAN, NAN, NAN, NAN, NAN,49.95,80.10,200.00,418.85,48.12,16.36,47936
2023-08-04 08:12:09,395.53,397.86,395.09,228.23,229.42,228.85,46.51,42.41,30.32,83.70,-7.78,0.90,8.76,-1.11,12.96,1.91, NAN, NAN, NAN, NAN, NAN, NAN,50.07,80.10,200.00,418.85,48.12,16.36,47936
2023-08-04 08:22:09,396.18,398.52,395.79,228.68,229.65,229.27,44.51,39.95,28.32,78.46,-7.34,1.28,7.45,-1.01,13.01,1.89, NAN, NAN, NAN, NAN, NAN, NAN,49.98,80.10,200.00,418.85,48.12,16.36,47936
2023-08-04 08:32:09,394.35,396.42,394.31,227.83,228.28,228.36,50.10,51.40,31.93,96.69,-6.93,2.43,7.33,-1.06,12.97,1.87, NAN, NAN, NAN, NAN, NAN, NAN,50.04,80.10,200.00,418.85,48.12,16.36,47936
2023-08-04 08:42:09,393.54,395.67,393.23,227.29,227.97,227.76,50.67,49.79,32.89,95.52,-7.67,2.51,8.07,-1.05,13.46,1.89, NAN, NAN, NAN, NAN, NAN, NAN,50.02,80.10,200.00,418.85,48.12,16.36,47936
2023-08-04 08:52:09,392.96,394.89,392.60,226.82,227.47,227.54,51.58,54.14,33.45,100.10,-7.03,2.66,7.57,-1.06,14.21,1.78, NAN, NAN, NAN, NAN, NAN, NAN,50.06,80.10,200.00,418.85,48.12,16.36,47936
2023-08-04 09:02:09,393.40,395.73,393.11,226.98,228.06,227.74,48.94,47.11,30.55,88.87,-7.24,1.10,7.33,-1.01,13.93,1.82, NAN, NAN, NAN, NAN, NAN, NAN,50.06,80.10,200.00,418.85,48.12,16.36,47936
2023-08-04 09:12:09,392.48,394.44,391.91,226.44,227.36,227.09,52.09,53.22,32.44,98.39,-6.96,4.38,8.23,-1.15,14.48,1.81, NAN, NAN, NAN, NAN, NAN, NAN,50.05,80.10,200.00,418.85,48.12,16.36,47936
2023-08-04 09:22:09,390.47,392.36,389.84,225.28,226.22,226.00,54.00,56.56,34.93,105.42,-7.30,2.74,7.73,-1.06,14.28,1.78, NAN, NAN, NAN, NAN, NAN, NAN,50.00,80.10,200.00,418.85,48.12,16.36,47936
2023-08-04 09:32:09,390.68,392.68,390.16,225.44,226.38,226.06,50.61,51.78,31.00,94.04,-6.67,1.01,6.65,-1.01,15.14,1.84, NAN, NAN, NAN, NAN, NAN, NAN,50.06,80.10,200.00,418.85,48.12,16.36,47936
2023-08-04 09:42:09,395.87,398.25,395.76,228.51,229.36,229.36,50.94,51.72,31.82,95.52,-6.98,1.17,7.07,-1.01,14.70,1.80, NAN, NAN, NAN, NAN, NAN, NAN,49.95,80.10,200.00,418.85,48.12,16.36,47936
2023-08-04 09:52:09,395.16,397.05,394.74,227.94,228.80,228.77,53.76,56.62,35.06,104.62,-7.28,2.90,7.84,-1.07,14.96,1.75, NAN, NAN, NAN, NAN, NAN, NAN,50.00,80.10,200.00,418.85,48.12,16.36,47936
2023-08-04 10:02:09,392.87,395.74,393.52,226.95,227.78,228.08,55.15,56.32,37.90,107.28,-8.27,1.73,8.45,-1.02,10.76,1.55, NAN, NAN, NAN, NAN, NAN, NAN,49.98,80.10,200.00,418.85,48.12,16.36,47936
2023-08-04 10:12:09,393.84,396.30,393.32,227.47,228.38,228.06,48.05,46.41,33.10,88.90,-7.72,1.64,7.89,-1.02,11.49,1.53, NAN, NAN, NAN, NAN, NAN, NAN,50.01,80.10,200.00,418.85,48.12,16.36,47936
2023-08-04 10:22:09,392.99,395.14,392.45,226.83,227.61,227.48,49.03,49.61,34.58,94.63,-7.64,3.51,8.41,-1.09,10.60,1.48, NAN, NAN, NAN, NAN, NAN, NAN,50.00,80.10,200.00,418.85,48.12,16.36,47936
2023-08-04 10:32:10,393.18,395.64,392.56,226.95,228.03,227.36,49.56,46.13,34.28,90.77,-8.40,3.43,9.07,-1.07,10.51,1.49, NAN, NAN, NAN, NAN, NAN, NAN,49.97,80.10,200.00,418.85,48.12,16.36,47936
2023-08-04 10:42:10,392.95,395.33,392.16,226.69,227.91,227.24,48.95,44.46,33.56,88.59,-8.50,1.20,8.57,-1.01,10.65,1.46, NAN, NAN, NAN, NAN, NAN, NAN,49.97,80.10,200.00,418.85,48.12,16.36,47936
2023-08-04 10:52:10,393.13,395.63,392.56,226.93,227.88,227.55,47.60,47.31,33.25,90.13,-7.41,1.71,7.67,-1.02,10.71,1.44, NAN, NAN, NAN, NAN, NAN, NAN,50.02,80.10,200.00,418.85,48.12,16.36,47936
2023-08-04 11:02:10,393.14,395.18,391.86,226.81,227.62,227.08,51.41,49.46,36.20,97.00,-8.61,3.83,9.42,-1.09,11.56,1.44, NAN, NAN, NAN, NAN, NAN, NAN,49.95,80.10,200.00,418.85,48.12,16.36,47936
2023-08-04 11:12:10,393.29,396.08,392.75,227.22,227.98,227.70,49.52,45.99,33.84,89.95,-8.31,4.41,9.46,-1.12,11.96,1.46, NAN, NAN, NAN, NAN, NAN, NAN,50.00,80.10,200.00,418.85,48.12,16.36,47936
2023-08-04 11:22:10,394.89,397.26,394.14,227.99,228.67,228.48,48.73,50.56,33.63,94.48,-7.07,1.70,7.27,-1.03,11.19,1.36, NAN, NAN, NAN, NAN, NAN, NAN,50.02,80.10,200.00,418.85,48.12,16.36,47936
2023-08-04 11:32:10,395.66,398.60,395.38,228.46,229.40,229.28,54.30,51.93,36.67,101.09,-8.86,3.62,9.57,-1.08,11.01,1.35, NAN, NAN, NAN, NAN, NAN, NAN,49.97,80.10,200.00,418.85,48.12,16.36,47936
2023-08-04 11:42:10,396.58,399.72,396.27,229.15,229.86,229.80,48.38,45.04,33.40,88.52,-8.29,4.37,9.37,-1.11,11.07,1.37, NAN, NAN, NAN, NAN, NAN, NAN,50.05,80.10,200.00,418.85,48.12,16.36,47936
2023-08-04 11:52:10,397.43,400.60,397.14,229.52,230.54,230.27,47.23,46.03,32.73,88.40,-7.61,1.62,7.78,-1.02,11.30,1.35, NAN, NAN, NAN, NAN, NAN, NAN,50.01,80.10,200.00,418.85,48.12,16.36,47936
2023-08-04 12:02:10,398.42,400.07,397.86,230.20,230.80,230.13,50.88,50.50,35.87,97.36,-8.27,2.03,8.40,-1.03,11.69,1.26, NAN, NAN, NAN, NAN, NAN, NAN,50.02,80.10,200.00,418.85,48.12,16.36,47936
2023-08-04 12:12:10,399.56,402.02,398.88,230.51,231.47,231.37,47.82,47.89,26.99,88.03,-6.09,0.99,6.17,-1.01,14.73,1.46, NAN, NAN, NAN, NAN, NAN, NAN,50.01,80.10,200.00,418.85,48.12,16.36,47936
2023-08-04 12:22:10,399.54,401.69,398.72,230.62,231.28,231.24,52.63,55.46,34.76,103.24,-7.34,2.82,7.90,-1.07,14.53,1.46, NAN, NAN, NAN, NAN, NAN, NAN,50.05,80.10,200.00,418.85,48.12,16.36,47936
2023-08-04 12:32:10,398.30,401.14,397.34,229.77,231.17,230.35,50.43,49.25,34.70,94.90,-8.13,2.73,8.57,-1.05,13.95,1.44, NAN, NAN, NAN, NAN, NAN, NAN,50.01,80.10,200.00,418.85,48.12,16.36,47936
2023-08-04 12:42:10,397.90,400.57,397.60,229.94,230.42,230.50,47.32,48.61,32.56,91.60,-6.99,4.32,8.22,-1.15,11.25,1.40, NAN, NAN, NAN, NAN, NAN, NAN,50.04,80.10,200.00,418.85,48.12,16.36,47936
2023-08-04 12:52:10,395.41,397.85,394.94,228.48,229.02,228.85,50.41,53.39,35.82,100.51,-7.49,2.02,7.76,-1.03,10.68,1.34, NAN, NAN, NAN, NAN, NAN, NAN,50.04,80.10,200.00,418.85,48.12,16.36,47936
2023-08-04 13:02:10,392.65,395.05,391.77,226.60,227.40,226.89,48.34,46.66,33.15,90.11,-7.67,1.76,7.87,-1.03,10.35,1.35, NAN, NAN, NAN, NAN, NAN, NAN,49.97,80.10,200.00,418.85,48.12,16.36,47936
2023-08-04 13:12:10,391.96,394.22,391.13,226.37,227.05,226.65,47.91,49.60,32.62,92.67,-6.79,1.76,7.02,-1.03,10.00,1.36, NAN, NAN, NAN, NAN, NAN, NAN,49.93,80.10,200.00,418.85,48.12,16.36,47936
2023-08-04 13:22:10,390.21,391.92,388.93,225.30,225.72,225.35,52.80,54.34,38.95,104.00,-8.27,1.74,8.45,-1.02,10.76,1.38, NAN, NAN, NAN, NAN, NAN, NAN,49.95,80.10,200.00,418.85,48.12,16.36,47936
2023-08-04 13:32:10,389.45,391.31,388.79,224.84,225.37,225.28,52.04,52.99,35.70,99.93,-7.69,1.32,7.80,-1.02,10.77,1.38, NAN, NAN, NAN, NAN, NAN, NAN,50.01,80.10,200.00,418.85,48.12,16.36,47936
2023-08-04 13:42:10,394.80,396.71,394.73,227.95,228.45,228.75,54.85,54.76,36.54,103.87,-8.32,3.66,9.09,-1.08,11.09,1.38, NAN, NAN, NAN, NAN, NAN, NAN,49.99,80.10,200.00,418.85,48.12,16.36,47936
2023-08-04 13:52:10,396.66,398.44,396.69,229.13,229.38,229.87,55.36,58.36,36.63,108.04,-7.65,1.95,7.89,-1.03,11.25,1.39, NAN, NAN, NAN, NAN, NAN, NAN,50.00,80.10,200.00,418.85,48.12,16.36,47936
2023-08-04 14:02:10,397.22,399.62,397.23,229.27,230.16,230.25,52.93,47.64,33.47,92.24,-8.74,1.48,8.86,-1.01,10.95,1.44, NAN, NAN, NAN, NAN, NAN, NAN,49.98,80.10,200.00,418.85,48.12,16.36,47936
2023-08-04 14:12:10,396.81,399.00,396.73,229.03,229.85,229.94,55.75,51.66,36.33,100.60,-9.19,3.40,9.80,-1.06,10.56,1.45, NAN, NAN, NAN, NAN, NAN, NAN,49.98,80.10,200.00,418.85,48.12,16.36,47936
2023-08-04 14:22:10,396.91,399.68,397.29,229.08,230.27,230.25,54.16,47.76,34.20,93.45,-9.14,1.58,9.28,-1.01,10.98,1.43, NAN, NAN, NAN, NAN, NAN, NAN,50.03,80.10,200.00,418.85,48.12,16.36,47936
2023-08-04 14:32:10,397.35,399.73,397.38,229.38,230.30,230.24,55.89,48.49,35.59,97.16,-9.84,3.57,10.48,-1.06,10.97,1.44, NAN, NAN, NAN, NAN, NAN, NAN,50.01,80.10,200.00,418.85,48.12,16.36,47936
2023-08-04 14:42:10,398.07,400.64,398.55,229.81,230.85,231.06,53.91,46.93,31.28,90.65,-8.55,2.13,8.81,-1.03,11.55,1.45, NAN, NAN, NAN, NAN, NAN, NAN,50.04,80.10,200.00,418.85,48.12,16.36,47936
2023-08-04 14:52:10,398.12,400.92,398.04,229.82,230.93,230.69,54.78,46.04,32.48,91.85,-9.33,1.58,9.46,-1.01,10.87,1.44, NAN, NAN, NAN, NAN, NAN, NAN,50.00,80.10,200.00,418.85,48.12,16.36,47936
2023-08-04 15:02:10,397.54,400.48,397.43,229.57,230.67,230.26,56.83,47.90,36.00,97.15,-10.11,3.59,10.73,-1.06,11.25,1.43, NAN, NAN, NAN, NAN, NAN, NAN,50.05,80.10,200.00,418.85,48.12,16.36,47936
2023-08-04 15:12:10,398.32,400.63,397.54,229.74,231.00,230.34,50.61,45.21,29.58,85.61,-7.88,1.29,7.96,-1.01,14.53,1.51, NAN, NAN, NAN, NAN, NAN, NAN,50.02,80.10,200.00,418.85,48.12,16.36,47936
2023-08-04 15:22:10,396.34,397.93,395.11,228.47,229.61,228.93,56.34,53.88,35.27,102.36,-8.65,4.38,9.70,-1.11,15.10,1.52, NAN, NAN, NAN, NAN, NAN, NAN,50.06,80.10,200.00,418.85,48.12,16.36,47936
2023-08-04 15:32:10,395.87,399.40,396.76,228.55,230.04,229.90,52.20,40.64,27.79,83.11,-8.85,1.48,9.01,-1.01,10.95,1.44, NAN, NAN, NAN, NAN, NAN, NAN,49.96,80.10,200.00,418.85,48.12,16.36,47936
2023-08-04 15:42:11,397.31,399.28,396.36,228.91,230.05,229.38,54.95,48.44,31.89,90.76,-8.78,4.34,9.79,-1.10,13.91,1.50, NAN, NAN, NAN, NAN, NAN, NAN,50.05,80.10,200.00,418.85,48.12,16.36,47936
2023-08-04 15:52:11,398.31,401.36,398.45,230.10,231.08,230.84,54.86,45.28,34.31,92.43,-10.01,1.21,10.08,-1.01,10.95,1.50, NAN, NAN, NAN, NAN, NAN, NAN,50.07,80.10,200.00,418.85,48.12,16.36,47936
2023-08-04 16:02:11,399.28,402.61,399.42,230.60,231.87,231.29,62.03,45.11,37.97,99.41,-12.62,1.79,12.74,-1.01,11.55,1.49, NAN, NAN, NAN, NAN, NAN, NAN,50.07,80.10,200.00,418.85,48.12,16.36,47936
2023-08-04 16:12:11,401.01,403.15,399.88,231.22,232.62,231.63,53.07,44.75,32.65,90.86,-9.51,3.05,9.99,-1.05,14.91,1.59, NAN, NAN, NAN, NAN, NAN, NAN,50.02,80.10,200.00,418.85,48.12,16.36,47936
2023-08-04 16:22:11,395.49,397.31,394.48,228.00,228.96,228.60,49.56,48.68,32.45,92.27,-7.54,4.33,8.70,-1.13,14.57,1.56, NAN, NAN, NAN, NAN, NAN, NAN,49.98,80.10,200.00,418.85,48.12,16.36,47936
2023-08-04 16:32:11,397.08,398.95,395.96,229.03,230.10,229.39,51.75,48.99,35.15,96.28,-8.70,2.50,9.06,-1.04,13.49,1.57, NAN, NAN, NAN, NAN, NAN, NAN,50.06,80.10,200.00,418.85,48.12,16.36,47936
2023-08-04 16:42:11,398.34,400.17,396.96,229.93,230.57,230.04,41.45,43.64,31.96,82.72,-6.73,4.06,7.97,-1.15,13.93,1.67, NAN, NAN, NAN, NAN, NAN, NAN,50.00,80.10,200.00,418.85,48.12,16.36,47936
2023-08-04 16:52:11,398.70,400.78,398.06,230.39,230.67,230.77,45.32,49.82,36.12,94.39,-7.26,2.55,7.69,-1.06,13.55,1.69, NAN, NAN, NAN, NAN, NAN, NAN,50.05,80.10,200.00,418.85,48.12,16.36,47936
2023-08-04 17:02:11,401.50,403.69,401.43,232.17,232.15,232.68,35.11,38.54,22.83,69.17,-4.15,2.14,4.67,-1.11,13.33,1.85, NAN, NAN, NAN, NAN, NAN, NAN,50.08,80.10,200.00,418.85,48.12,16.36,47936
2023-08-04 17:12:11,396.14,398.20,395.18,228.79,229.15,229.17,40.00,41.06,31.33,78.63,-6.74,4.62,8.15,-1.18,14.16,1.87, NAN, NAN, NAN, NAN, NAN, NAN,50.05,80.10,200.00,418.85,48.12,16.36,47936
2023-08-04 17:22:11,395.38,396.90,394.35,228.17,228.67,228.68,46.10,48.73,29.80,90.67,-6.14,2.68,6.70,-1.08,13.94,1.96, NAN, NAN, NAN, NAN, NAN, NAN,50.05,80.10,200.00,418.85,48.12,16.36,47936
2023-08-04 17:32:11,395.73,397.33,394.68,228.56,228.81,228.84,38.89,40.85,23.91,73.85,-4.70,1.94,5.08,-1.08,14.41,2.17, NAN, NAN, NAN, NAN, NAN, NAN,50.02,80.10,200.00,418.85,48.12,16.36,47936
2023-08-04 17:42:11,393.81,395.24,392.44,227.28,227.53,227.72,44.94,52.66,34.00,95.33,-5.85,2.65,6.42,-1.09,14.90,2.18, NAN, NAN, NAN, NAN, NAN, NAN,50.05,80.10,200.00,418.85,48.12,16.36,47936
2023-08-04 17:52:11,393.33,395.44,391.87,227.05,227.93,227.23,41.76,41.48,33.16,81.31,-7.52,2.67,7.98,-1.06,14.74,2.20, NAN, NAN, NAN, NAN, NAN, NAN,50.04,80.10,200.00,418.85,48.12,16.36,47936
2023-08-04 18:02:11,395.14,396.92,393.89,228.15,228.61,228.53,38.60,39.26,25.13,73.24,-5.41,4.55,7.06,-1.24,14.70,2.19, NAN, NAN, NAN, NAN, NAN, NAN,50.00,80.10,200.00,418.85,48.12,16.36,47936
2023-08-04 18:12:11,395.34,397.39,393.71,228.32,228.87,228.42,36.39,33.73,27.39,66.36,-6.54,1.86,6.80,-1.04,14.77,2.08, NAN, NAN, NAN, NAN, NAN, NAN,50.02,80.10,200.00,418.85,48.12,16.36,47936
2023-08-04 18:22:11,394.96,396.60,393.08,227.94,228.50,228.05,41.92,41.02,32.28,80.59,-7.49,2.77,8.06,-1.06,14.86,2.05, NAN, NAN, NAN, NAN, NAN, NAN,50.04,80.10,200.00,418.85,48.12,16.36,47936
2023-08-04 18:32:11,396.03,397.73,394.31,228.47,229.14,228.79,37.63,35.63,24.48,68.40,-5.90,1.30,6.04,-1.02,14.51,2.10, NAN, NAN, NAN, NAN, NAN, NAN,50.04,80.10,200.00,418.85,48.12,16.36,47936
2023-08-04 18:42:11,396.27,397.89,394.60,228.69,229.24,229.01,35.18,32.71,22.23,62.32,-5.36,1.78,5.65,-1.05,14.67,2.12, NAN, NAN, NAN, NAN, NAN, NAN,50.06,80.10,200.00,418.85,48.12,16.36,47936
2023-08-04 18:52:11,394.74,396.62,393.32,228.04,228.66,228.06,42.60,41.99,33.58,82.49,-7.73,2.71,8.19,-1.06,15.01,2.02, NAN, NAN, NAN, NAN, NAN, NAN,50.04,80.10,200.00,418.85,48.12,16.36,47936
2023-08-04 19:02:11,395.86,397.50,394.46,228.82,228.84,228.61,40.51,40.58,30.29,77.78,-6.72,4.59,8.13,-1.17,14.95,2.04, NAN, NAN, NAN, NAN, NAN, NAN,50.07,80.10,200.00,418.85,48.12,16.36,47936
2023-08-04 19:12:11,395.76,397.49,394.53,228.59,229.05,228.76,44.61,41.12,26.59,79.60,-6.71,4.58,8.16,-1.17,14.83,2.08, NAN, NAN, NAN, NAN, NAN, NAN,50.07,80.10,200.00,418.85,48.12,16.36,47936
2023-08-04 19:22:11,396.18,397.91,394.34,228.72,229.51,228.60,45.57,42.68,29.63,82.62,-7.28,4.36,8.49,-1.14,15.06,2.05, NAN, NAN, NAN, NAN, NAN, NAN,50.08,80.10,200.00,418.85,48.12,16.36,47936
2023-08-04 19:32:11,395.76,397.67,394.08,228.50,229.27,228.47,48.35,45.62,33.46,89.91,-8.21,2.73,8.65,-1.05,14.93,2.05, NAN, NAN, NAN, NAN, NAN, NAN,49.97,80.10,200.00,418.85,48.12,16.36,47936
2023-08-04 19:42:11,397.01,399.07,395.84,229.32,229.99,229.41,45.63,40.78,30.11,80.85,-8.08,4.73,9.37,-1.14,15.22,2.08, NAN, NAN, NAN, NAN, NAN, NAN,50.04,80.10,200.00,418.85,48.12,16.36,47936
2023-08-04 19:52:11,397.53,399.83,396.76,229.72,230.35,229.97,44.90,42.38,28.65,80.76,-6.89,2.04,7.14,-1.03,15.45,2.06, NAN, NAN, NAN, NAN, NAN, NAN,50.01,80.10,200.00,418.85,48.12,16.36,47936
2023-08-04 20:02:11,397.20,399.04,395.83,229.53,229.97,229.34,47.37,45.43,32.48,88.48,-7.81,2.61,8.18,-1.05,15.07,2.03, NAN, NAN, NAN, NAN, NAN, NAN,50.03,80.10,200.00,418.85,48.12,16.36,47936
2023-08-04 20:12:11,397.05,398.99,395.99,229.55,230.01,229.39,47.19,44.04,32.49,86.90,-8.02,2.67,8.45,-1.05,14.69,2.04, NAN, NAN, NAN, NAN, NAN, NAN,50.02,80.10,200.00,418.85,48.12,16.36,47936
2023-08-04 20:22:11,399.09,401.00,397.38,230.63,231.08,230.20,38.31,35.49,28.57,70.47,-7.03,1.57,7.20,-1.02,14.68,2.12, NAN, NAN, NAN, NAN, NAN, NAN,50.05,80.10,200.00,418.85,48.12,16.36,47936
2023-08-04 20:32:11,399.32,401.58,398.31,231.00,231.11,230.86,37.53,34.61,28.13,68.26,-6.86,2.10,7.19,-1.04,14.75,2.17, NAN, NAN, NAN, NAN, NAN, NAN,50.07,80.10,200.00,418.85,48.12,16.36,47936
2023-08-04 20:42:11,399.60,401.32,398.32,231.05,231.09,230.82,41.03,39.40,31.63,78.43,-7.53,2.40,7.91,-1.05,14.20,2.12, NAN, NAN, NAN, NAN, NAN, NAN,50.06,80.10,200.00,418.85,48.12,16.36,47936
2023-08-04 20:52:12,399.64,401.58,398.35,231.02,231.21,230.84,42.13,41.11,32.56,81.12,-7.64,2.46,8.06,-1.05,14.67,2.10, NAN, NAN, NAN, NAN, NAN, NAN,50.08,80.10,200.00,418.85,48.12,16.36,47936
2023-08-04 21:02:12,400.92,403.18,400.20,232.00,231.95,231.95,37.86,37.60,28.01,71.45,-6.22,2.21,6.51,-1.06,15.57,2.21, NAN, NAN, NAN, NAN, NAN, NAN,50.05,80.10,200.00,418.85,48.12,16.36,47936
2023-08-04 21:12:12,403.10,405.35,402.05,232.95,233.58,232.87,43.38,36.30,28.60,74.30,-8.14,1.51,8.28,-1.02,14.53,2.32, NAN, NAN, NAN, NAN, NAN, NAN,50.10,80.10,200.00,418.85,48.12,16.36,47936
2023-08-04 21:22:12,397.68,399.87,396.54,229.81,230.25,229.83,38.77,36.13,28.99,71.78,-7.07,1.56,7.24,-1.02,14.42,2.29, NAN, NAN, NAN, NAN, NAN, NAN,50.04,80.10,200.00,418.85,48.12,16.36,47936
2023-08-04 21:32:12,399.02,401.26,397.94,230.54,231.18,230.58,40.96,40.38,28.37,78.31,-6.59,2.43,7.02,-1.06,14.15,2.37, NAN, NAN, NAN, NAN, NAN, NAN,50.09,80.10,200.00,418.85,48.12,16.36,47936
2023-08-04 21:42:12,397.55,399.79,397.08,229.83,230.17,230.05,38.92,38.11,26.40,73.28,-6.10,1.33,6.27,-1.02,14.12,2.32, NAN, NAN, NAN, NAN, NAN, NAN,49.98,80.10,200.00,418.85,48.12,16.36,47936
2023-08-04 21:52:12,398.33,401.17,397.82,229.96,231.26,230.54,43.37,36.20,25.42,72.80,-7.29,1.31,7.41,-1.02,14.21,2.35, NAN, NAN, NAN, NAN, NAN, NAN,50.01,80.10,200.00,418.85,48.12,16.36,47936
2023-08-04 22:02:12,399.24,401.68,398.92,230.77,231.42,231.07,44.40,39.53,26.09,77.53,-6.97,4.64,8.37,-1.17,14.75,2.41, NAN, NAN, NAN, NAN, NAN, NAN,50.00,80.10,200.00,418.85,48.12,16.36,47936
2023-08-04 22:12:12,400.53,402.90,400.44,231.63,231.80,232.01,37.04,36.38,23.97,68.27,-5.38,2.23,5.82,-1.08,14.71,2.46, NAN, NAN, NAN, NAN, NAN, NAN,49.99,80.10,200.00,418.85,48.12,16.36,47936
2023-08-04 22:22:12,400.29,402.58,400.24,231.59,231.60,231.91,41.12,42.48,28.63,80.86,-6.23,2.44,6.67,-1.07,14.00,2.38, NAN, NAN, NAN, NAN, NAN, NAN,49.99,80.10,200.00,418.85,48.12,16.36,47936
2023-08-04 22:32:12,401.44,403.67,401.40,232.30,232.19,232.51,41.82,43.33,29.35,82.53,-6.39,2.40,6.82,-1.06,14.39,2.41, NAN, NAN, NAN, NAN, NAN, NAN,50.07,80.10,200.00,418.85,48.12,16.36,47936
2023-08-04 22:42:12,402.17,404.45,401.88,232.57,232.75,232.81,40.22,40.49,27.11,76.37,-6.02,4.79,6.84,-1.09,15.06,2.43, NAN, NAN, NAN, NAN, NAN, NAN,50.04,80.10,200.00,418.85,48.12,16.36,47936
2023-08-04 22:52:12,398.52,400.68,398.53,230.58,230.60,230.86,37.79,39.46,24.99,71.67,-5.03,2.10,5.45,-1.08,14.97,2.41, NAN, NAN, NAN, NAN, NAN, NAN,50.06,80.10,200.00,418.85,48.12,16.36,47936
2023-08-04 23:02:12,398.34,400.72,398.18,230.38,230.64,230.60,45.23,42.57,30.81,82.51,-7.54,1.63,7.74,-1.02,15.04,2.37, NAN, NAN, NAN, NAN, NAN, NAN,49.96,80.10,200.00,418.85,48.12,16.36,47936
2023-08-04 23:12:12,398.48,400.27,398.20,230.63,230.19,230.64,40.14,44.50,30.85,81.93,-5.96,1.84,6.23,-1.04,14.80,2.35, NAN, NAN, NAN, NAN, NAN, NAN,49.94,80.10,200.00,418.85,48.12,16.36,47936
2023-08-04 23:22:12,398.87,400.72,398.78,230.85,230.32,231.06,39.73,45.52,31.00,83.33,-5.66,4.28,7.10,-1.20,14.43,2.35, NAN, NAN, NAN, NAN, NAN, NAN,49.98,80.10,200.00,418.85,48.12,16.36,47936
2023-08-04 23:32:12,399.39,401.19,399.18,231.19,230.49,231.21,41.58,45.81,32.50,85.78,-6.43,2.37,6.86,-1.06,14.48,2.37, NAN, NAN, NAN, NAN, NAN, NAN,49.99,80.10,200.00,418.85,48.12,16.36,47936
2023-08-04 23:42:12,398.74,401.15,398.83,230.65,230.83,231.01,47.92,44.72,34.00,88.92,-8.48,2.42,8.82,-1.04,14.82,2.33, NAN, NAN, NAN, NAN, NAN, NAN,50.05,80.10,200.00,418.85,48.12,16.36,47936
2023-08-04 23:52:12,400.48,402.73,400.48,231.77,231.54,231.95,40.45,40.23,31.09,77.85,-7.05,4.73,8.51,-1.17,15.08,2.44, NAN, NAN, NAN, NAN, NAN, NAN,50.07,80.10,200.00,418.85,48.12,16.36,47936
2023-08-05 00:02:12,401.45,403.83,401.67,232.45,232.14,232.63,38.56,38.20,29.23,73.09,-6.54,2.33,6.94,-1.06,15.31,2.52, NAN, NAN, NAN, NAN, NAN, NAN,50.00,80.10,200.00,418.85,48.12,16.36,47936
2023-08-05 00:12:12,400.95,402.82,401.29,232.08,231.42,232.56,41.25,48.44,28.55,85.61,-4.76,4.82,6.77,-1.29,15.50,2.52, NAN, NAN, NAN, NAN, NAN, NAN,49.99,80.10,200.00,418.85,48.12,16.36,47936
2023-08-05 00:22:12,401.98,403.86,401.98,232.77,232.08,232.80,40.86,44.78,31.78,83.02,-6.32,1.89,6.60,-1.04,15.17,2.57, NAN, NAN, NAN, NAN, NAN, NAN,50.05,80.10,200.00,418.85,48.12,16.36,47936
2023-08-05 00:32:12,402.59,404.72,402.69,232.91,232.75,233.21,42.30,41.78,28.63,78.85,-6.51,2.29,6.90,-1.06,14.97,2.57, NAN, NAN, NAN, NAN, NAN, NAN,49.96,80.10,200.00,418.85,48.12,16.36,47936
2023-08-05 00:42:12,396.38,398.50,396.20,229.04,229.39,229.56,43.24,46.68,30.92,86.78,-6.17,2.26,6.57,-1.06,14.83,2.41, NAN, NAN, NAN, NAN, NAN, NAN,49.93,80.10,200.00,418.85,48.12,16.36,47936
2023-08-05 00:52:12,397.32,399.08,397.21,229.95,229.47,230.06,43.93,49.58,34.79,91.61,-6.63,2.34,7.03,-1.06,15.06,2.47, NAN, NAN, NAN, NAN, NAN, NAN,50.00,80.10,200.00,418.85,48.12,16.36,47936
2023-08-05 01:02:12,398.30,400.14,397.96,230.36,230.22,230.47,41.86,44.66,32.79,84.63,-6.80,2.26,7.16,-1.05,14.47,2.54, NAN, NAN, NAN, NAN, NAN, NAN,50.07,80.10,200.00,418.85,48.12,16.36,47936
2023-08-05 01:12:12,397.96,400.13,397.65,229.93,230.49,230.31,46.70,45.16,32.67,88.34,-7.77,2.34,8.12,-1.04,14.79,2.53, NAN, NAN, NAN, NAN, NAN, NAN,50.00,80.10,200.00,418.85,48.12,16.36,47936
2023-08-05 01:22:12,398.48,400.38,398.42,230.27,230.56,230.72,43.93,40.81,29.57,79.51,-7.35,1.64,7.53,-1.02,14.51,2.59, NAN, NAN, NAN, NAN, NAN, NAN,50.02,80.10,200.00,418.85,48.12,16.36,47936
2023-08-05 01:32:12,397.55,399.79,397.84,229.96,230.06,230.22,43.86,38.62,29.43,77.04,-7.77,4.55,9.01,-1.14,14.10,2.62, NAN, NAN, NAN, NAN, NAN, NAN,50.02,80.10,200.00,418.85,48.12,16.36,47936
2023-08-05 01:42:12,397.84,400.07,397.68,229.73,230.57,230.27,42.07,34.62,24.41,69.16,-7.08,1.93,7.34,-1.03,14.60,2.67, NAN, NAN, NAN, NAN, NAN, NAN,49.94,80.10,200.00,418.85,48.12,16.36,47936
2023-08-05 01:52:12,397.79,399.87,397.77,229.92,230.21,230.35,37.17,34.06,24.29,66.68,-6.10,1.54,6.32,-1.03,13.89,2.67, NAN, NAN, NAN, NAN, NAN, NAN,49.98,80.10,200.00,418.85,48.12,16.36,47936
2023-08-05 02:02:13,398.62,400.71,398.63,230.46,230.56,230.89,36.87,36.38,24.10,69.12,-5.42,4.42,7.00,-1.22,13.79,2.67, NAN, NAN, NAN, NAN, NAN, NAN,50.05,80.10,200.00,418.85,48.12,16.36,47936
2023-08-05 02:12:13,398.98,401.31,399.00,230.52,231.13,231.06,36.92,34.31,24.37,66.91,-6.02,1.55,6.19,-1.03,13.82,2.82, NAN, NAN, NAN, NAN, NAN, NAN,50.06,80.10,200.00,418.85,48.12,16.36,47936
2023-08-05 02:22:13,399.36,401.31,399.02,230.77,231.09,231.04,37.10,33.93,24.47,67.18,-6.15,1.62,6.36,-1.03,13.92,2.84, NAN, NAN, NAN, NAN, NAN, NAN,50.05,80.10,200.00,418.85,48.12,16.36,47936
2023-08-05 02:32:13,399.18,401.18,398.83,230.60,231.06,230.98,39.40,37.99,27.02,74.49,-6.46,2.30,6.86,-1.06,13.67,2.84, NAN, NAN, NAN, NAN, NAN, NAN,49.96,80.10,200.00,418.85,48.12,16.36,47936
2023-08-05 02:42:13,400.04,401.69,399.84,231.23,231.21,231.57,38.13,41.08,26.30,76.56,-5.31,2.14,5.72,-1.07,13.28,2.89, NAN, NAN, NAN, NAN, NAN, NAN,50.02,80.10,200.00,418.85,48.12,16.36,47936
2023-08-05 02:52:13,400.49,402.34,400.33,231.32,231.70,231.93,35.22,38.05,23.27,70.02,-4.59,1.28,4.77,-1.04,13.09,2.88, NAN, NAN, NAN, NAN, NAN, NAN,50.05,80.10,200.00,418.85,48.12,16.36,47936
2023-08-05 03:02:13,401.01,402.83,400.94,231.73,231.93,232.12,37.46,39.95,25.40,74.90,-5.20,2.10,5.61,-1.08,12.70,2.92, NAN, NAN, NAN, NAN, NAN, NAN,50.08,80.10,200.00,418.85,48.12,16.36,47936
2023-08-05 03:12:13,399.48,401.12,399.19,230.91,230.89,231.10,42.63,43.16,29.42,82.76,-6.62,2.21,6.97,-1.05,13.04,2.90, NAN, NAN, NAN, NAN, NAN, NAN,49.98,80.10,200.00,418.85,48.12,16.36,47936
2023-08-05 03:22:13,399.40,401.35,399.06,230.79,231.15,231.00,43.34,41.29,29.94,81.29,-7.30,2.22,7.57,-1.04,13.40,2.91, NAN, NAN, NAN, NAN, NAN, NAN,49.98,80.10,200.00,418.85,48.12,16.36,47936
2023-08-05 03:32:13,399.94,401.86,399.75,231.15,231.28,231.48,41.13,40.34,27.32,76.66,-6.31,1.65,6.53,-1.03,14.01,2.93, NAN, NAN, NAN, NAN, NAN, NAN,50.01,80.10,200.00,418.85,48.12,16.36,47936
2023-08-05 03:42:13,399.95,401.93,400.23,231.41,231.08,231.80,36.26,42.78,27.51,76.68,-4.64,4.41,6.39,-1.27,13.72,2.96, NAN, NAN, NAN, NAN, NAN, NAN,50.04,80.10,200.00,418.85,48.12,16.36,47936
2023-08-05 03:52:13,400.47,402.47,400.13,231.43,231.71,231.76,35.56,36.80,27.04,69.95,-5.71,1.68,5.95,-1.04,13.45,3.02, NAN, NAN, NAN, NAN, NAN, NAN,50.04,80.10,200.00,418.85,48.12,16.36,47936
2023-08-05 04:02:13,400.65,402.51,400.23,231.61,231.65,231.77,33.40,34.20,24.62,64.39,-5.17,2.06,5.57,-1.07,13.74,3.06, NAN, NAN, NAN, NAN, NAN, NAN,49.99,80.10,200.00,418.85,48.12,16.36,47936
2023-08-05 04:12:13,399.91,401.90,399.63,231.28,231.30,231.37,35.66,36.59,26.96,69.73,-5.80,1.68,6.04,-1.04,13.38,3.09, NAN, NAN, NAN, NAN, NAN, NAN,50.05,80.10,200.00,418.85,48.12,16.36,47936
2023-08-05 04:22:13,398.19,400.46,398.49,230.09,230.67,231.08,40.63,40.02,23.36,75.00,-5.31,4.25,6.80,-1.22,13.22,2.98, NAN, NAN, NAN, NAN, NAN, NAN,50.03,80.10,200.00,418.85,48.12,16.36,47936
2023-08-05 04:32:13,398.09,400.00,397.81,230.14,230.31,230.32,36.22,36.96,27.14,70.18,-5.76,1.70,6.05,-1.04,13.58,3.11, NAN, NAN, NAN, NAN, NAN, NAN,50.05,80.10,200.00,418.85,48.12,16.36,47936
2023-08-05 04:42:13,397.92,399.76,397.30,229.92,230.21,230.06,36.07,37.35,27.16,70.93,-5.76,1.66,6.00,-1.04,13.46,3.08, NAN, NAN, NAN, NAN, NAN, NAN,50.05,80.10,200.00,418.85,48.12,16.36,47936
2023-08-05 04:52:13,397.04,399.12,396.52,229.18,230.04,229.62,40.84,38.50,27.12,74.36,-6.56,1.52,6.73,-1.02,13.97,3.06, NAN, NAN, NAN, NAN, NAN, NAN,50.00,80.10,200.00,418.85,48.12,16.36,47936
2023-08-05 05:02:13,395.52,397.51,395.04,228.42,228.92,228.82,36.30,38.49,27.14,71.87,-5.46,1.57,5.68,-1.04,13.81,3.01, NAN, NAN, NAN, NAN, NAN, NAN,49.96,80.10,200.00,418.85,48.12,16.36,47936
2023-08-05 05:12:13,395.46,397.12,394.45,228.24,228.91,228.31,33.91,30.84,21.02,59.22,-5.15,1.91,5.50,-1.06,13.95,3.23, NAN, NAN, NAN, NAN, NAN, NAN,50.05,80.10,200.00,418.85,48.12,16.36,47936
2023-08-05 05:22:13,393.55,395.20,392.70,227.19,227.91,227.34,35.91,33.21,22.97,64.54,-5.64,1.44,5.84,-1.03,13.43,3.02, NAN, NAN, NAN, NAN, NAN, NAN,49.97,80.10,200.00,418.85,48.12,16.36,47936
2023-08-05 05:32:13,392.39,394.44,391.76,226.40,227.50,226.82,42.89,35.66,24.37,72.63,-7.08,3.82,8.04,-1.12,13.19,2.92, NAN, NAN, NAN, NAN, NAN, NAN,50.05,80.10,200.00,418.85,48.12,16.36,47936
2023-08-05 05:42:13,391.04,393.03,390.62,225.68,226.47,226.32,38.60,40.40,25.01,74.98,-5.13,0.96,5.28,-1.02,13.23,2.76, NAN, NAN, NAN, NAN, NAN, NAN,50.03,80.10,200.00,418.85,48.12,16.36,47936
2023-08-05 05:52:13,391.45,393.08,390.80,226.18,226.33,226.22,41.77,44.13,32.02,83.76,-6.55,2.12,6.88,-1.05,13.25,2.72, NAN, NAN, NAN, NAN, NAN, NAN,50.03,80.10,200.00,418.85,48.12,16.36,47936
2023-08-05 06:02:13,391.83,393.36,391.15,226.40,226.48,226.51,41.34,47.09,31.33,86.97,-5.80,2.20,6.21,-1.06,13.35,2.64, NAN, NAN, NAN, NAN, NAN, NAN,49.99,80.10,200.00,418.85,48.12,16.36,47936
2023-08-05 06:12:13,390.78,392.72,390.80,225.97,225.96,226.24,45.16,46.16,35.02,89.80,-7.66,1.90,7.93,-1.03,12.45,2.39, NAN, NAN, NAN, NAN, NAN, NAN,50.02,80.10,200.00,418.85,48.12,16.36,47936
2023-08-05 06:22:13,396.23,396.26,395.51,229.17,228.73,228.21,42.76,39.44,32.13,79.66,-8.03,2.06,8.29,-1.03,12.47,2.44, NAN, NAN, NAN, NAN, NAN, NAN,50.07,80.10,200.00,418.85,48.12,16.36,47936
2023-08-05 06:32:13,395.76,395.84,394.68,228.95,228.45,227.68,45.50,42.05,34.54,85.49,-8.62,1.97,8.90,-1.02,12.33,2.36, NAN, NAN, NAN, NAN, NAN, NAN,50.04,80.10,200.00,418.85,48.12,16.36,47936
2023-08-05 06:42:13,396.39,395.62,395.51,229.39,228.26,228.15,40.40,44.53,30.70,84.03,-6.11,2.07,6.37,-1.05,12.20,2.37, NAN, NAN, NAN, NAN, NAN, NAN,50.07,80.10,200.00,418.85,48.12,16.36,47936
2023-08-05 06:52:13,398.11,397.28,396.65,230.36,229.33,228.78,40.11,41.56,34.06,81.52,-7.42,1.96,7.67,-1.03,12.21,2.27, NAN, NAN, NAN, NAN, NAN, NAN,50.08,80.10,200.00,418.85,48.12,16.36,47936
